{"stats":{"minecraft:mined":{"minecraft:grass_block":8,"minecraft:dirt":23,"minecraft:spruce_leaves":1},"minecraft:killed":{"minecraft:skeleton":63,"minecraft:zombie":1,"minecraft:wither_skeleton":5,"minecraft:piglin_brute":1,"minecraft:creeper":2},"minecraft:killed_by":{"minecraft:wither_skeleton":4},"minecraft:used":{"minecraft:netherite_sword":337,"minecraft:netherite_chestplate":1,"minecraft:netherite_boots":1,"minecraft:anvil":2,"minecraft:netherite_leggings":1,"minecraft:stripped_oak_wood":27,"minecraft:netherite_helmet":1,"minecraft:splash_potion":4},"minecraft:custom":{"minecraft:time_since_rest":12160,"minecraft:sprint_one_cm":17230,"minecraft:walk_one_cm":46115,"minecraft:damage_taken":1470,"minecraft:mob_kills":86,"minecraft:interact_with_anvil":4,"minecraft:drop":76,"minecraft:damage_dealt":29809,"minecraft:fly_one_cm":41978,"minecraft:crouch_one_cm":4406,"minecraft:play_time":40652,"minecraft:deaths":4,"minecraft:sneak_time":1346,"minecraft:jump":238,"minecraft:time_since_death":12136,"minecraft:leave_game":3,"minecraft:walk_on_water_one_cm":795,"minecraft:total_world_time":40652,"minecraft:fall_one_cm":863},"minecraft:dropped":{"minecraft:arrow":55,"minecraft:bone":61},"minecraft:picked_up":{"minecraft:golden_helmet":1,"minecraft:netherite_boots":1,"minecraft:diamond_sword":3,"minecraft:gunpowder":1,"minecraft:netherite_leggings":1,"minecraft:dirt":31,"minecraft:arrow":185,"minecraft:bone":198,"minecraft:rotten_flesh":4,"minecraft:diamond":1,"minecraft:netherite_helmet":1,"minecraft:gold_nugget":98,"minecraft:netherite_sword":1,"minecraft:netherite_chestplate":1}},"DataVersion":3953}