{"stats":{"minecraft:mined":{"minecraft:grass_block":8,"minecraft:dirt":23,"minecraft:spruce_leaves":1},"minecraft:killed":{"minecraft:skeleton":63,"minecraft:zombie":2,"minecraft:wither_skeleton":8,"minecraft:piglin_brute":1,"minecraft:creeper":2},"minecraft:killed_by":{"minecraft:wither_skeleton":4},"minecraft:used":{"minecraft:netherite_sword":346,"minecraft:netherite_chestplate":1,"minecraft:netherite_boots":1,"minecraft:anvil":2,"minecraft:netherite_leggings":1,"minecraft:cooked_porkchop":2,"minecraft:stripped_oak_wood":27,"minecraft:netherite_helmet":1,"minecraft:splash_potion":4},"minecraft:custom":{"minecraft:time_since_rest":24160,"minecraft:sprint_one_cm":17894,"minecraft:walk_one_cm":53016,"minecraft:damage_taken":1648,"minecraft:mob_kills":90,"minecraft:interact_with_anvil":4,"minecraft:drop":272,"minecraft:damage_dealt":30609,"minecraft:fly_one_cm":43543,"minecraft:crouch_one_cm":4691,"minecraft:play_time":52652,"minecraft:deaths":4,"minecraft:sneak_time":1414,"minecraft:jump":301,"minecraft:time_since_death":24136,"minecraft:leave_game":3,"minecraft:walk_on_water_one_cm":795,"minecraft:total_world_time":52652,"minecraft:fall_one_cm":863},"minecraft:dropped":{"minecraft:diamond_sword":4,"minecraft:shield":1,"minecraft:golden_helmet":1,"minecraft:diamond":14,"minecraft:gold_nugget":156,"minecraft:arrow":63,"minecraft:bone":71,"minecraft:emerald":2},"minecraft:picked_up":{"minecraft:golden_helmet":1,"minecraft:netherite_boots":1,"minecraft:diamond_sword":4,"minecraft:gunpowder":1,"minecraft:netherite_leggings":1,"minecraft:dirt":31,"minecraft:arrow":185,"minecraft:bone":198,"minecraft:rotten_flesh":4,"minecraft:diamond":15,"minecraft:netherite_helmet":1,"minecraft:gold_nugget":401,"minecraft:netherite_sword":1,"minecraft:emerald":2,"minecraft:netherite_chestplate":1}},"DataVersion":3953}