{"stats":{"minecraft:mined":{"minecraft:grass_block":8,"minecraft:dirt":23,"minecraft:spruce_leaves":3},"minecraft:killed":{"minecraft:skeleton":69,"minecraft:zombie":2,"minecraft:wither_skeleton":11,"minecraft:piglin_brute":1,"minecraft:creeper":2},"minecraft:killed_by":{"minecraft:wither_skeleton":4},"minecraft:used":{"minecraft:netherite_sword":351,"minecraft:netherite_chestplate":1,"minecraft:shield":4,"minecraft:netherite_boots":1,"minecraft:diamond_sword":21,"minecraft:anvil":2,"minecraft:netherite_leggings":1,"minecraft:cooked_porkchop":2,"minecraft:stripped_oak_wood":27,"minecraft:netherite_helmet":1,"minecraft:splash_potion":4},"minecraft:custom":{"minecraft:time_since_rest":28502,"minecraft:sprint_one_cm":23703,"minecraft:walk_one_cm":59785,"minecraft:damage_taken":1959,"minecraft:damage_blocked_by_shield":380,"minecraft:mob_kills":100,"minecraft:interact_with_anvil":4,"minecraft:drop":349,"minecraft:damage_dealt":31661,"minecraft:fly_one_cm":50887,"minecraft:crouch_one_cm":4776,"minecraft:play_time":88652,"minecraft:deaths":5,"minecraft:sneak_time":1436,"minecraft:walk_under_water_one_cm":1421,"minecraft:jump":353,"minecraft:time_since_death":28471,"minecraft:leave_game":3,"minecraft:walk_on_water_one_cm":11138,"minecraft:total_world_time":88652,"minecraft:fall_one_cm":1742},"minecraft:dropped":{"minecraft:diamond_sword":4,"minecraft:shield":1,"minecraft:golden_helmet":2,"minecraft:diamond":14,"minecraft:gold_nugget":515,"minecraft:arrow":63,"minecraft:bone":71,"minecraft:emerald":4},"minecraft:picked_up":{"minecraft:golden_helmet":4,"minecraft:stick":4,"minecraft:netherite_boots":2,"minecraft:cooked_porkchop":62,"minecraft:diamond_sword":6,"minecraft:shield":1,"minecraft:gunpowder":1,"minecraft:netherite_leggings":2,"minecraft:dirt":31,"minecraft:arrow":195,"minecraft:bone":211,"minecraft:rotten_flesh":4,"minecraft:diamond":27,"minecraft:netherite_helmet":2,"minecraft:gold_nugget":609,"minecraft:netherite_sword":2,"minecraft:emerald":4,"minecraft:netherite_chestplate":2}},"DataVersion":3953}